{"type": "metrics", "dataset": "train", "precision": 0.6437224669603524, "balanced_accuracy": 0.603769022905084, "recall": 0.2474074074074074, "f1_score": 0.35743770065739183}
{"type": "metrics", "dataset": "test", "precision": 0.6377358490566037, "balanced_accuracy": 0.612641937201444, "recall": 0.2660020986358867, "f1_score": 0.37541651240281376}
{"type": "cm_matrix", "dataset": "train", "true_0": {"predicted_0": 15581, "predicted_1": 647}, "true_1": {"predicted_0": 3556, "predicted_1": 1169}}
{"type": "cm_matrix", "dataset": "test", "true_0": {"predicted_0": 6785, "predicted_1": 288}, "true_1": {"predicted_0": 1399, "predicted_1": 507}}
